{"cameraMode":{"drawMode":0,"name":"Shaded","section":"Shading Mode"},"sceneLighting":true,"audioPlay":false,"sceneViewState":{"showFog":true,"showMaterialUpdate":false,"showSkybox":true,"showFlares":true,"showImageEffects":true,"showParticleSystems":true},"in2DMode":false,"pivot":{"x":34.44540023803711,"y":42.67006301879883,"z":-6.1942572593688969},"rotation":{"x":-0.6730574369430542,"y":-0.0019980305805802347,"z":0.0018429397605359555,"w":-0.7396279573440552},"size":1.8073949813842774,"orthographic":false}